{"valueType":"relations","values":[[{"_typeName":"Image","id":"cjym8fthq02780881cnueu3t1"},{"_typeName":"Category","id":"cjym8fthk02770881mhmi5xil","fieldName":"image"}],[{"_typeName":"Image","id":"cjym8iiib027v08813ky9aq17"},{"_typeName":"Category","id":"cjym8iii6027u088151ar3x4v","fieldName":"image"}],[{"_typeName":"Image","id":"cjym8kwfu028l0881uj5razvf"},{"_typeName":"Category","id":"cjym8kwfo028k08815o8xy0z6","fieldName":"image"}],[{"_typeName":"Image","id":"cjym8lrv402900881rio7hh99"},{"_typeName":"Category","id":"cjym8lruy028z0881vbekz1or","fieldName":"image"}],[{"_typeName":"Image","id":"cjym8ok55029l0881vgmuggis"},{"_typeName":"Category","id":"cjym8ok4x029k088175fw1uc4","fieldName":"image"}],[{"_typeName":"Image","id":"cjym8pbks02a208819hh93rka"},{"_typeName":"Category","id":"cjym8pbko02a10881mwsypvqr","fieldName":"image"}],[{"_typeName":"Image","id":"cjym8qi2h02aj0881zibkueu1"},{"_typeName":"Category","id":"cjym8qi2c02ai0881g84aif9l","fieldName":"image"}],[{"_typeName":"Image","id":"cjym8tg9g02b00881b5o1vigm"},{"_typeName":"Category","id":"cjym8tg9402az08810mhelnj9","fieldName":"image"}],[{"_typeName":"Image","id":"cjym8vv1102bj0881p3cs4v8d"},{"_typeName":"Category","id":"cjym8vv0y02bi0881af1xpcyl","fieldName":"image"}],[{"_typeName":"Image","id":"cjym8vv1h02bq0881rekid9gj"},{"_typeName":"Category","id":"cjym8vv1e02bp0881h5wg3nx2","fieldName":"image"}],[{"_typeName":"Product","id":"cjymud7b803c00881a8gm71tw","fieldName":"category"},{"_typeName":"Category","id":"cjym8fthk02770881mhmi5xil"}],[{"_typeName":"Product","id":"cjymwh7np04640881jlrdfguf","fieldName":"category"},{"_typeName":"Category","id":"cjym8fthk02770881mhmi5xil"}],[{"_typeName":"Product","id":"cjymwkv1s0485088166fxdazn","fieldName":"category"},{"_typeName":"Category","id":"cjym8fthk02770881mhmi5xil"}],[{"_typeName":"Product","id":"cjymulqux03gl0881v0f6w4oj","fieldName":"category"},{"_typeName":"Category","id":"cjym8iii6027u088151ar3x4v"}],[{"_typeName":"Product","id":"cjymvvif803xb0881ne745vvm","fieldName":"category"},{"_typeName":"Category","id":"cjym8iii6027u088151ar3x4v"}],[{"_typeName":"Product","id":"cjymwcz7p043u0881sxffhjc9","fieldName":"category"},{"_typeName":"Category","id":"cjym8iii6027u088151ar3x4v"}],[{"_typeName":"Product","id":"cjymu227o038308814d0zjsuy","fieldName":"category"},{"_typeName":"Category","id":"cjym8kwfo028k08815o8xy0z6"}],[{"_typeName":"Product","id":"cjymui8p803ed0881ewypq7ra","fieldName":"category"},{"_typeName":"Category","id":"cjym8kwfo028k08815o8xy0z6"}],[{"_typeName":"Product","id":"cjymvzci903ze0881p6pp8d1s","fieldName":"category"},{"_typeName":"Category","id":"cjym8kwfo028k08815o8xy0z6"}],[{"_typeName":"Product","id":"cjymuqwk503iw0881l04fluj8","fieldName":"category"},{"_typeName":"Category","id":"cjym8lruy028z0881vbekz1or"}],[{"_typeName":"Product","id":"cjymuvnu203l10881rqduhjmb","fieldName":"category"},{"_typeName":"Category","id":"cjym8ok4x029k088175fw1uc4"}],[{"_typeName":"Product","id":"cjymvc36903sb088192m4ila1","fieldName":"category"},{"_typeName":"Category","id":"cjym8pbko02a10881mwsypvqr"}],[{"_typeName":"Product","id":"cjymv6nj903pc0881dr6nd0xb","fieldName":"category"},{"_typeName":"Category","id":"cjym8qi2c02ai0881g84aif9l"}],[{"_typeName":"Product","id":"cjymvph2z03v50881hnxi402i","fieldName":"category"},{"_typeName":"Category","id":"cjym8tg9402az08810mhelnj9"}],[{"_typeName":"Product","id":"cjymtqsv5033d0881brygch5s","fieldName":"category"},{"_typeName":"Category","id":"cjym8vv0y02bi0881af1xpcyl"}],[{"_typeName":"Product","id":"cjymw3chh041d0881nrc5f17t","fieldName":"category"},{"_typeName":"Category","id":"cjym8vv0y02bi0881af1xpcyl"}],[{"_typeName":"OrderItem","id":"cjyr6dln204wx0881cxztg3yh","fieldName":"order"},{"_typeName":"Order","id":"cjyr6dli104wm0881cjeo2o4f","fieldName":"items"}],[{"_typeName":"OrderItem","id":"cjyr6dln504wy0881yhhx8xgv","fieldName":"order"},{"_typeName":"Order","id":"cjyr6dli104wm0881cjeo2o4f","fieldName":"items"}],[{"_typeName":"OrderItem","id":"cjyr9gukq04ye0881pui22tgd","fieldName":"order"},{"_typeName":"Order","id":"cjyr9guib04xw0881rux25iiq","fieldName":"items"}],[{"_typeName":"OrderItem","id":"cjyr9gukr04yf0881ai7ne21h","fieldName":"order"},{"_typeName":"Order","id":"cjyr9guib04xw0881rux25iiq","fieldName":"items"}],[{"_typeName":"OrderItem","id":"cjyr9gukr04yg0881zl2wfwzg","fieldName":"order"},{"_typeName":"Order","id":"cjyr9guib04xw0881rux25iiq","fieldName":"items"}],[{"_typeName":"Product","id":"cjyr6dln204wx0881cxztg3yh"},{"_typeName":"OrderItem","id":"cjyr6dli104wm0881cjeo2o4f","fieldName":"product"}],[{"_typeName":"Product","id":"cjyr6dln504wy0881yhhx8xgv"},{"_typeName":"OrderItem","id":"cjyr6dli104wm0881cjeo2o4f","fieldName":"product"}],[{"_typeName":"Product","id":"cjyr9gukq04ye0881pui22tgd"},{"_typeName":"OrderItem","id":"cjyr9guib04xw0881rux25iiq","fieldName":"product"}],[{"_typeName":"Product","id":"cjyr9gukr04yf0881ai7ne21h"},{"_typeName":"OrderItem","id":"cjyr9guib04xw0881rux25iiq","fieldName":"product"}],[{"_typeName":"Product","id":"cjyr9gukr04yg0881zl2wfwzg"},{"_typeName":"OrderItem","id":"cjyr9guib04xw0881rux25iiq","fieldName":"product"}],[{"_typeName":"SavedItem","id":"cjymwq03v04ac0881ukz8i0vx","fieldName":"product"},{"_typeName":"Product","id":"cjymtqsv5033d0881brygch5s"}],[{"_typeName":"SavedItem","id":"cjymz9xep04hk0881djg0ch9p","fieldName":"product"},{"_typeName":"Product","id":"cjymulqux03gl0881v0f6w4oj"}],[{"_typeName":"User","id":"cjymwq03v04ac0881ukz8i0vx","fieldName":"savedItems"},{"_typeName":"SavedItem","id":"cjymtqsv5033d0881brygch5s","fieldName":"owner"}],[{"_typeName":"User","id":"cjymz9xep04hk0881djg0ch9p","fieldName":"savedItems"},{"_typeName":"SavedItem","id":"cjymulqux03gl0881v0f6w4oj","fieldName":"owner"}],[{"_typeName":"Product","id":"cjymtqsv5033d0881brygch5s","fieldName":"images"},{"_typeName":"Image","id":"cjymtqsw0033e0881lbv8bvpf"}],[{"_typeName":"Product","id":"cjymtqsv5033d0881brygch5s","fieldName":"images"},{"_typeName":"Image","id":"cjymtqsws033f0881ubkxj2s0"}],[{"_typeName":"Product","id":"cjymtqsv5033d0881brygch5s","fieldName":"images"},{"_typeName":"Image","id":"cjymtqsx5033g0881faui4k36"}],[{"_typeName":"Product","id":"cjymtqsv5033d0881brygch5s","fieldName":"images"},{"_typeName":"Image","id":"cjymtqsxj033h0881v41ktf6m"}],[{"_typeName":"Product","id":"cjymtqsv5033d0881brygch5s","fieldName":"images"},{"_typeName":"Image","id":"cjymtqsxq033i08811b3ebpeu"}],[{"_typeName":"Product","id":"cjymtqsv5033d0881brygch5s","fieldName":"images"},{"_typeName":"Image","id":"cjymtqsxv033j0881mea1unrz"}],[{"_typeName":"Product","id":"cjymu227o038308814d0zjsuy","fieldName":"images"},{"_typeName":"Image","id":"cjymu227r03840881ryhneg5y"}],[{"_typeName":"Product","id":"cjymu227o038308814d0zjsuy","fieldName":"images"},{"_typeName":"Image","id":"cjymu227u03850881c0dd32ww"}],[{"_typeName":"Product","id":"cjymu227o038308814d0zjsuy","fieldName":"images"},{"_typeName":"Image","id":"cjymu227v03860881w0yo17bl"}],[{"_typeName":"Product","id":"cjymu227o038308814d0zjsuy","fieldName":"images"},{"_typeName":"Image","id":"cjymu228b03870881383ng8na"}],[{"_typeName":"Product","id":"cjymu227o038308814d0zjsuy","fieldName":"images"},{"_typeName":"Image","id":"cjymu228j03880881fcjsds8a"}],[{"_typeName":"Product","id":"cjymu227o038308814d0zjsuy","fieldName":"images"},{"_typeName":"Image","id":"cjymu228l03890881f9975qpt"}],[{"_typeName":"Product","id":"cjymud7b803c00881a8gm71tw","fieldName":"images"},{"_typeName":"Image","id":"cjymud7bz03c10881q85jv5d2"}],[{"_typeName":"Product","id":"cjymud7b803c00881a8gm71tw","fieldName":"images"},{"_typeName":"Image","id":"cjymud7c403c20881uvnb1h3k"}],[{"_typeName":"Product","id":"cjymud7b803c00881a8gm71tw","fieldName":"images"},{"_typeName":"Image","id":"cjymud7c703c308811mcoc2p5"}],[{"_typeName":"Product","id":"cjymud7b803c00881a8gm71tw","fieldName":"images"},{"_typeName":"Image","id":"cjymud7c903c40881tjlrvrml"}],[{"_typeName":"Product","id":"cjymud7b803c00881a8gm71tw","fieldName":"images"},{"_typeName":"Image","id":"cjymud7ce03c50881qspoa78o"}],[{"_typeName":"Product","id":"cjymud7b803c00881a8gm71tw","fieldName":"images"},{"_typeName":"Image","id":"cjymud7cg03c60881qzmi0off"}],[{"_typeName":"Product","id":"cjymui8p803ed0881ewypq7ra","fieldName":"images"},{"_typeName":"Image","id":"cjymui8pc03ee08819elv5pfc"}],[{"_typeName":"Product","id":"cjymui8p803ed0881ewypq7ra","fieldName":"images"},{"_typeName":"Image","id":"cjymui8pe03ef0881xlxawyy8"}],[{"_typeName":"Product","id":"cjymui8p803ed0881ewypq7ra","fieldName":"images"},{"_typeName":"Image","id":"cjymui8pg03eg0881dnj951i7"}],[{"_typeName":"Product","id":"cjymui8p803ed0881ewypq7ra","fieldName":"images"},{"_typeName":"Image","id":"cjymui8pi03eh0881krqqslt9"}],[{"_typeName":"Product","id":"cjymui8p803ed0881ewypq7ra","fieldName":"images"},{"_typeName":"Image","id":"cjymui8pn03ei0881zdq6yw6t"}],[{"_typeName":"Product","id":"cjymui8p803ed0881ewypq7ra","fieldName":"images"},{"_typeName":"Image","id":"cjymui8pr03ej0881o18ztaht"}],[{"_typeName":"Product","id":"cjymulqux03gl0881v0f6w4oj","fieldName":"images"},{"_typeName":"Image","id":"cjymulqv303gm08812knk0rju"}],[{"_typeName":"Product","id":"cjymulqux03gl0881v0f6w4oj","fieldName":"images"},{"_typeName":"Image","id":"cjymulqv603gn0881ji0l6gw4"}],[{"_typeName":"Product","id":"cjymulqux03gl0881v0f6w4oj","fieldName":"images"},{"_typeName":"Image","id":"cjymulqv803go0881f6ly82th"}],[{"_typeName":"Product","id":"cjymulqux03gl0881v0f6w4oj","fieldName":"images"},{"_typeName":"Image","id":"cjymulqva03gp08815hmvic1n"}],[{"_typeName":"Product","id":"cjymulqux03gl0881v0f6w4oj","fieldName":"images"},{"_typeName":"Image","id":"cjymulqve03gq0881ixf450j8"}],[{"_typeName":"Product","id":"cjymulqux03gl0881v0f6w4oj","fieldName":"images"},{"_typeName":"Image","id":"cjymulqvf03gr0881y97i1eja"}],[{"_typeName":"Product","id":"cjymuqwk503iw0881l04fluj8","fieldName":"images"},{"_typeName":"Image","id":"cjymuqwk903ix08811zzhw7zc"}],[{"_typeName":"Product","id":"cjymuqwk503iw0881l04fluj8","fieldName":"images"},{"_typeName":"Image","id":"cjymuqwkc03iy088153w0n0m4"}],[{"_typeName":"Product","id":"cjymuqwk503iw0881l04fluj8","fieldName":"images"},{"_typeName":"Image","id":"cjymuqwkf03iz0881m8tfhf80"}],[{"_typeName":"Product","id":"cjymuqwk503iw0881l04fluj8","fieldName":"images"},{"_typeName":"Image","id":"cjymuqwkh03j00881p0e139et"}],[{"_typeName":"Product","id":"cjymuqwk503iw0881l04fluj8","fieldName":"images"},{"_typeName":"Image","id":"cjymuqwkk03j108818jh5qtlq"}],[{"_typeName":"Product","id":"cjymuqwk503iw0881l04fluj8","fieldName":"images"},{"_typeName":"Image","id":"cjymuqwkm03j20881f1ynt4a2"}],[{"_typeName":"Product","id":"cjymuvnu203l10881rqduhjmb","fieldName":"images"},{"_typeName":"Image","id":"cjymuvnu603l20881lcsjdjue"}],[{"_typeName":"Product","id":"cjymuvnu203l10881rqduhjmb","fieldName":"images"},{"_typeName":"Image","id":"cjymuvnu803l30881dkns4t8b"}],[{"_typeName":"Product","id":"cjymuvnu203l10881rqduhjmb","fieldName":"images"},{"_typeName":"Image","id":"cjymuvnua03l40881jua0xn9j"}],[{"_typeName":"Product","id":"cjymuvnu203l10881rqduhjmb","fieldName":"images"},{"_typeName":"Image","id":"cjymuvnuc03l50881lcrkwkxp"}],[{"_typeName":"Product","id":"cjymuvnu203l10881rqduhjmb","fieldName":"images"},{"_typeName":"Image","id":"cjymuvnue03l60881dy3i3ksp"}],[{"_typeName":"Product","id":"cjymuvnu203l10881rqduhjmb","fieldName":"images"},{"_typeName":"Image","id":"cjymuvnuj03l7088186lops0m"}],[{"_typeName":"Product","id":"cjymv6nj903pc0881dr6nd0xb","fieldName":"images"},{"_typeName":"Image","id":"cjymv6njg03pd0881h3efh95s"}],[{"_typeName":"Product","id":"cjymv6nj903pc0881dr6nd0xb","fieldName":"images"},{"_typeName":"Image","id":"cjymv6njj03pe088121674klj"}],[{"_typeName":"Product","id":"cjymv6nj903pc0881dr6nd0xb","fieldName":"images"},{"_typeName":"Image","id":"cjymv6njl03pf0881v2xntdlq"}],[{"_typeName":"Product","id":"cjymv6nj903pc0881dr6nd0xb","fieldName":"images"},{"_typeName":"Image","id":"cjymv6njn03pg0881nzg7gb49"}],[{"_typeName":"Product","id":"cjymv6nj903pc0881dr6nd0xb","fieldName":"images"},{"_typeName":"Image","id":"cjymv6njo03ph08815zifdtgs"}],[{"_typeName":"Product","id":"cjymv6nj903pc0881dr6nd0xb","fieldName":"images"},{"_typeName":"Image","id":"cjymv6njq03pi0881xykps5ip"}],[{"_typeName":"Product","id":"cjymvc36903sb088192m4ila1","fieldName":"images"},{"_typeName":"Image","id":"cjymvc36e03sc0881uavh0v6q"}],[{"_typeName":"Product","id":"cjymvc36903sb088192m4ila1","fieldName":"images"},{"_typeName":"Image","id":"cjymvc36k03sd08814cgsr3na"}],[{"_typeName":"Product","id":"cjymvc36903sb088192m4ila1","fieldName":"images"},{"_typeName":"Image","id":"cjymvc36m03se0881iel2y4tv"}],[{"_typeName":"Product","id":"cjymvc36903sb088192m4ila1","fieldName":"images"},{"_typeName":"Image","id":"cjymvc36o03sf088188rqro98"}],[{"_typeName":"Product","id":"cjymvc36903sb088192m4ila1","fieldName":"images"},{"_typeName":"Image","id":"cjymvc36q03sg0881pdfwr3p8"}],[{"_typeName":"Product","id":"cjymvc36903sb088192m4ila1","fieldName":"images"},{"_typeName":"Image","id":"cjymvc36s03sh08818tlq91m9"}],[{"_typeName":"Product","id":"cjymvph2z03v50881hnxi402i","fieldName":"images"},{"_typeName":"Image","id":"cjymvph3303v60881uyz0byog"}],[{"_typeName":"Product","id":"cjymvph2z03v50881hnxi402i","fieldName":"images"},{"_typeName":"Image","id":"cjymvph3e03v70881wkzc0d4b"}],[{"_typeName":"Product","id":"cjymvph2z03v50881hnxi402i","fieldName":"images"},{"_typeName":"Image","id":"cjymvph3h03v808816mz4ioez"}],[{"_typeName":"Product","id":"cjymvph2z03v50881hnxi402i","fieldName":"images"},{"_typeName":"Image","id":"cjymvph3j03v90881p6m3tizs"}],[{"_typeName":"Product","id":"cjymvph2z03v50881hnxi402i","fieldName":"images"},{"_typeName":"Image","id":"cjymvph3l03va0881iq88o3xk"}],[{"_typeName":"Product","id":"cjymvph2z03v50881hnxi402i","fieldName":"images"},{"_typeName":"Image","id":"cjymvph3z03vb0881fmi6169x"}],[{"_typeName":"Product","id":"cjymvvif803xb0881ne745vvm","fieldName":"images"},{"_typeName":"Image","id":"cjymvvifb03xc0881byrrbq2f"}],[{"_typeName":"Product","id":"cjymvvif803xb0881ne745vvm","fieldName":"images"},{"_typeName":"Image","id":"cjymvvifd03xd08818s9z1j9d"}],[{"_typeName":"Product","id":"cjymvvif803xb0881ne745vvm","fieldName":"images"},{"_typeName":"Image","id":"cjymvviff03xe0881d3bprcwq"}],[{"_typeName":"Product","id":"cjymvvif803xb0881ne745vvm","fieldName":"images"},{"_typeName":"Image","id":"cjymvvifh03xf088135x9x3z4"}],[{"_typeName":"Product","id":"cjymvvif803xb0881ne745vvm","fieldName":"images"},{"_typeName":"Image","id":"cjymvvifk03xg08819y47iaxz"}],[{"_typeName":"Product","id":"cjymvzci903ze0881p6pp8d1s","fieldName":"images"},{"_typeName":"Image","id":"cjymvzcid03zf0881xe1ed680"}],[{"_typeName":"Product","id":"cjymvzci903ze0881p6pp8d1s","fieldName":"images"},{"_typeName":"Image","id":"cjymvzcif03zg08810mpg7fr1"}],[{"_typeName":"Product","id":"cjymvzci903ze0881p6pp8d1s","fieldName":"images"},{"_typeName":"Image","id":"cjymvzcig03zh0881wrgagleh"}],[{"_typeName":"Product","id":"cjymvzci903ze0881p6pp8d1s","fieldName":"images"},{"_typeName":"Image","id":"cjymvzcij03zi0881udfod5ga"}],[{"_typeName":"Product","id":"cjymvzci903ze0881p6pp8d1s","fieldName":"images"},{"_typeName":"Image","id":"cjymvzcil03zj0881snr8snfh"}],[{"_typeName":"Product","id":"cjymvzci903ze0881p6pp8d1s","fieldName":"images"},{"_typeName":"Image","id":"cjymvzcin03zk0881beddh90i"}],[{"_typeName":"Product","id":"cjymw3chh041d0881nrc5f17t","fieldName":"images"},{"_typeName":"Image","id":"cjymw3chl041e0881ew4q721i"}],[{"_typeName":"Product","id":"cjymw3chh041d0881nrc5f17t","fieldName":"images"},{"_typeName":"Image","id":"cjymw3chn041f0881kr20xaz3"}],[{"_typeName":"Product","id":"cjymw3chh041d0881nrc5f17t","fieldName":"images"},{"_typeName":"Image","id":"cjymw3chq041g0881dpsxeatg"}],[{"_typeName":"Product","id":"cjymw3chh041d0881nrc5f17t","fieldName":"images"},{"_typeName":"Image","id":"cjymw3chr041h0881gxeqmf8m"}],[{"_typeName":"Product","id":"cjymw3chh041d0881nrc5f17t","fieldName":"images"},{"_typeName":"Image","id":"cjymw3chv041i0881l1bhksin"}],[{"_typeName":"Product","id":"cjymw3chh041d0881nrc5f17t","fieldName":"images"},{"_typeName":"Image","id":"cjymw3chx041j0881o33j4la8"}],[{"_typeName":"Product","id":"cjymwcz7p043u0881sxffhjc9","fieldName":"images"},{"_typeName":"Image","id":"cjymwcz7u043v088198s7srte"}],[{"_typeName":"Product","id":"cjymwcz7p043u0881sxffhjc9","fieldName":"images"},{"_typeName":"Image","id":"cjymwcz7w043w0881tidn6185"}],[{"_typeName":"Product","id":"cjymwcz7p043u0881sxffhjc9","fieldName":"images"},{"_typeName":"Image","id":"cjymwcz7y043x088110lx2b5h"}],[{"_typeName":"Product","id":"cjymwcz7p043u0881sxffhjc9","fieldName":"images"},{"_typeName":"Image","id":"cjymwcz80043y0881khns6awj"}],[{"_typeName":"Product","id":"cjymwcz7p043u0881sxffhjc9","fieldName":"images"},{"_typeName":"Image","id":"cjymwcz81043z0881gpbpb0op"}],[{"_typeName":"Product","id":"cjymwcz7p043u0881sxffhjc9","fieldName":"images"},{"_typeName":"Image","id":"cjymwcz8404400881snw4w4ms"}],[{"_typeName":"Product","id":"cjymwh7np04640881jlrdfguf","fieldName":"images"},{"_typeName":"Image","id":"cjymwh7nz0465088164tqig16"}],[{"_typeName":"Product","id":"cjymwh7np04640881jlrdfguf","fieldName":"images"},{"_typeName":"Image","id":"cjymwh7o104660881cts3bxki"}],[{"_typeName":"Product","id":"cjymwh7np04640881jlrdfguf","fieldName":"images"},{"_typeName":"Image","id":"cjymwh7o2046708810o2k9271"}],[{"_typeName":"Product","id":"cjymwh7np04640881jlrdfguf","fieldName":"images"},{"_typeName":"Image","id":"cjymwh7o704680881j5o8mkbq"}],[{"_typeName":"Product","id":"cjymwh7np04640881jlrdfguf","fieldName":"images"},{"_typeName":"Image","id":"cjymwh7o8046908818nib5kpd"}],[{"_typeName":"Product","id":"cjymwh7np04640881jlrdfguf","fieldName":"images"},{"_typeName":"Image","id":"cjymwh7oa046a0881y190ckf6"}],[{"_typeName":"Product","id":"cjymwkv1s0485088166fxdazn","fieldName":"images"},{"_typeName":"Image","id":"cjymwkv1v04860881pr8baurs"}],[{"_typeName":"Product","id":"cjymwkv1s0485088166fxdazn","fieldName":"images"},{"_typeName":"Image","id":"cjymwkv1x04870881vogy586u"}],[{"_typeName":"Product","id":"cjymwkv1s0485088166fxdazn","fieldName":"images"},{"_typeName":"Image","id":"cjymwkv1y04880881szcjrfw8"}],[{"_typeName":"Product","id":"cjymwkv1s0485088166fxdazn","fieldName":"images"},{"_typeName":"Image","id":"cjymwkv2104890881udrr6624"}],[{"_typeName":"Product","id":"cjymwkv1s0485088166fxdazn","fieldName":"images"},{"_typeName":"Image","id":"cjymwkv23048a08819bcn207l"}],[{"_typeName":"Product","id":"cjymwkv1s0485088166fxdazn","fieldName":"images"},{"_typeName":"Image","id":"cjymwkv26048b0881ey97pzqs"}],[{"_typeName":"Size","id":"cjymtfllj02xf0881tbsnwibi"},{"_typeName":"Product","id":"cjymtqsv5033d0881brygch5s","fieldName":"sizes"}],[{"_typeName":"Size","id":"cjymtfllp02xj0881vfll3ydo"},{"_typeName":"Product","id":"cjymtqsv5033d0881brygch5s","fieldName":"sizes"}],[{"_typeName":"Size","id":"cjymtfllw02xn0881v3ydogdn"},{"_typeName":"Product","id":"cjymtqsv5033d0881brygch5s","fieldName":"sizes"}],[{"_typeName":"Size","id":"cjymtflm502xr0881lfl705cn"},{"_typeName":"Product","id":"cjymtqsv5033d0881brygch5s","fieldName":"sizes"}],[{"_typeName":"Size","id":"cjymtflme02xv0881ex1fq719"},{"_typeName":"Product","id":"cjymtqsv5033d0881brygch5s","fieldName":"sizes"}],[{"_typeName":"Size","id":"cjymtflmm02xz0881pfy0oo8u"},{"_typeName":"Product","id":"cjymtqsv5033d0881brygch5s","fieldName":"sizes"}],[{"_typeName":"Size","id":"cjymtflmt02y30881fxe0hhda"},{"_typeName":"Product","id":"cjymtqsv5033d0881brygch5s","fieldName":"sizes"}],[{"_typeName":"Size","id":"cjymtd63b02vl0881pgnxvtld"},{"_typeName":"Product","id":"cjymu227o038308814d0zjsuy","fieldName":"sizes"}],[{"_typeName":"Size","id":"cjymtdfcn02vv0881wjni1p6t"},{"_typeName":"Product","id":"cjymu227o038308814d0zjsuy","fieldName":"sizes"}],[{"_typeName":"Size","id":"cjymtdm2802w50881pr6py6qk"},{"_typeName":"Product","id":"cjymu227o038308814d0zjsuy","fieldName":"sizes"}],[{"_typeName":"Size","id":"cjymtflku02x30881pk94ts28"},{"_typeName":"Product","id":"cjymu227o038308814d0zjsuy","fieldName":"sizes"}],[{"_typeName":"Size","id":"cjymtfll402x70881eszkxbg6"},{"_typeName":"Product","id":"cjymu227o038308814d0zjsuy","fieldName":"sizes"}],[{"_typeName":"Size","id":"cjymtfllc02xb08817a21t9sn"},{"_typeName":"Product","id":"cjymu227o038308814d0zjsuy","fieldName":"sizes"}],[{"_typeName":"Size","id":"cjymtfllj02xf0881tbsnwibi"},{"_typeName":"Product","id":"cjymu227o038308814d0zjsuy","fieldName":"sizes"}],[{"_typeName":"Size","id":"cjymtfllj02xf0881tbsnwibi"},{"_typeName":"Product","id":"cjymud7b803c00881a8gm71tw","fieldName":"sizes"}],[{"_typeName":"Size","id":"cjymtfllp02xj0881vfll3ydo"},{"_typeName":"Product","id":"cjymud7b803c00881a8gm71tw","fieldName":"sizes"}],[{"_typeName":"Size","id":"cjymtfllw02xn0881v3ydogdn"},{"_typeName":"Product","id":"cjymud7b803c00881a8gm71tw","fieldName":"sizes"}],[{"_typeName":"Size","id":"cjymtflm502xr0881lfl705cn"},{"_typeName":"Product","id":"cjymud7b803c00881a8gm71tw","fieldName":"sizes"}],[{"_typeName":"Size","id":"cjymtflme02xv0881ex1fq719"},{"_typeName":"Product","id":"cjymud7b803c00881a8gm71tw","fieldName":"sizes"}],[{"_typeName":"Size","id":"cjymtflmm02xz0881pfy0oo8u"},{"_typeName":"Product","id":"cjymud7b803c00881a8gm71tw","fieldName":"sizes"}],[{"_typeName":"Size","id":"cjymtflmt02y30881fxe0hhda"},{"_typeName":"Product","id":"cjymud7b803c00881a8gm71tw","fieldName":"sizes"}],[{"_typeName":"Size","id":"cjymtfllj02xf0881tbsnwibi"},{"_typeName":"Product","id":"cjymui8p803ed0881ewypq7ra","fieldName":"sizes"}],[{"_typeName":"Size","id":"cjymtfllp02xj0881vfll3ydo"},{"_typeName":"Product","id":"cjymui8p803ed0881ewypq7ra","fieldName":"sizes"}],[{"_typeName":"Size","id":"cjymtfllw02xn0881v3ydogdn"},{"_typeName":"Product","id":"cjymui8p803ed0881ewypq7ra","fieldName":"sizes"}],[{"_typeName":"Size","id":"cjymtflm502xr0881lfl705cn"},{"_typeName":"Product","id":"cjymui8p803ed0881ewypq7ra","fieldName":"sizes"}],[{"_typeName":"Size","id":"cjymtflme02xv0881ex1fq719"},{"_typeName":"Product","id":"cjymui8p803ed0881ewypq7ra","fieldName":"sizes"}],[{"_typeName":"Size","id":"cjymtflmm02xz0881pfy0oo8u"},{"_typeName":"Product","id":"cjymui8p803ed0881ewypq7ra","fieldName":"sizes"}],[{"_typeName":"Size","id":"cjymtflmt02y30881fxe0hhda"},{"_typeName":"Product","id":"cjymui8p803ed0881ewypq7ra","fieldName":"sizes"}],[{"_typeName":"Size","id":"cjymtfllj02xf0881tbsnwibi"},{"_typeName":"Product","id":"cjymulqux03gl0881v0f6w4oj","fieldName":"sizes"}],[{"_typeName":"Size","id":"cjymtfllp02xj0881vfll3ydo"},{"_typeName":"Product","id":"cjymulqux03gl0881v0f6w4oj","fieldName":"sizes"}],[{"_typeName":"Size","id":"cjymtfllw02xn0881v3ydogdn"},{"_typeName":"Product","id":"cjymulqux03gl0881v0f6w4oj","fieldName":"sizes"}],[{"_typeName":"Size","id":"cjymtflm502xr0881lfl705cn"},{"_typeName":"Product","id":"cjymulqux03gl0881v0f6w4oj","fieldName":"sizes"}],[{"_typeName":"Size","id":"cjymtflme02xv0881ex1fq719"},{"_typeName":"Product","id":"cjymulqux03gl0881v0f6w4oj","fieldName":"sizes"}],[{"_typeName":"Size","id":"cjymtflmm02xz0881pfy0oo8u"},{"_typeName":"Product","id":"cjymulqux03gl0881v0f6w4oj","fieldName":"sizes"}],[{"_typeName":"Size","id":"cjymtflmt02y30881fxe0hhda"},{"_typeName":"Product","id":"cjymulqux03gl0881v0f6w4oj","fieldName":"sizes"}],[{"_typeName":"Size","id":"cjymtfllj02xf0881tbsnwibi"},{"_typeName":"Product","id":"cjymuqwk503iw0881l04fluj8","fieldName":"sizes"}],[{"_typeName":"Size","id":"cjymtfllp02xj0881vfll3ydo"},{"_typeName":"Product","id":"cjymuqwk503iw0881l04fluj8","fieldName":"sizes"}],[{"_typeName":"Size","id":"cjymtfllw02xn0881v3ydogdn"},{"_typeName":"Product","id":"cjymuqwk503iw0881l04fluj8","fieldName":"sizes"}],[{"_typeName":"Size","id":"cjymtflm502xr0881lfl705cn"},{"_typeName":"Product","id":"cjymuqwk503iw0881l04fluj8","fieldName":"sizes"}],[{"_typeName":"Size","id":"cjymtflme02xv0881ex1fq719"},{"_typeName":"Product","id":"cjymuqwk503iw0881l04fluj8","fieldName":"sizes"}],[{"_typeName":"Size","id":"cjymtflmm02xz0881pfy0oo8u"},{"_typeName":"Product","id":"cjymuqwk503iw0881l04fluj8","fieldName":"sizes"}],[{"_typeName":"Size","id":"cjymtflmt02y30881fxe0hhda"},{"_typeName":"Product","id":"cjymuqwk503iw0881l04fluj8","fieldName":"sizes"}],[{"_typeName":"Size","id":"cjymtfllj02xf0881tbsnwibi"},{"_typeName":"Product","id":"cjymuvnu203l10881rqduhjmb","fieldName":"sizes"}],[{"_typeName":"Size","id":"cjymtfllp02xj0881vfll3ydo"},{"_typeName":"Product","id":"cjymuvnu203l10881rqduhjmb","fieldName":"sizes"}],[{"_typeName":"Size","id":"cjymtfllw02xn0881v3ydogdn"},{"_typeName":"Product","id":"cjymuvnu203l10881rqduhjmb","fieldName":"sizes"}],[{"_typeName":"Size","id":"cjymtflm502xr0881lfl705cn"},{"_typeName":"Product","id":"cjymuvnu203l10881rqduhjmb","fieldName":"sizes"}],[{"_typeName":"Size","id":"cjymtflme02xv0881ex1fq719"},{"_typeName":"Product","id":"cjymuvnu203l10881rqduhjmb","fieldName":"sizes"}],[{"_typeName":"Size","id":"cjymtflmm02xz0881pfy0oo8u"},{"_typeName":"Product","id":"cjymuvnu203l10881rqduhjmb","fieldName":"sizes"}],[{"_typeName":"Size","id":"cjymtflmt02y30881fxe0hhda"},{"_typeName":"Product","id":"cjymuvnu203l10881rqduhjmb","fieldName":"sizes"}],[{"_typeName":"Size","id":"cjym84m7p023x0881kxm0ljyx"},{"_typeName":"Product","id":"cjymv6nj903pc0881dr6nd0xb","fieldName":"sizes"}],[{"_typeName":"Size","id":"cjym853ui024h0881nsdqedpp"},{"_typeName":"Product","id":"cjymv6nj903pc0881dr6nd0xb","fieldName":"sizes"}],[{"_typeName":"Size","id":"cjym859rw024r0881uvan47ud"},{"_typeName":"Product","id":"cjymv6nj903pc0881dr6nd0xb","fieldName":"sizes"}],[{"_typeName":"Size","id":"cjym85t0q025l0881u7v5105e"},{"_typeName":"Product","id":"cjymv6nj903pc0881dr6nd0xb","fieldName":"sizes"}],[{"_typeName":"Size","id":"cjym867f602650881e3ai5t0u"},{"_typeName":"Product","id":"cjymv6nj903pc0881dr6nd0xb","fieldName":"sizes"}],[{"_typeName":"Size","id":"cjym86odd026f0881c5a0mrtr"},{"_typeName":"Product","id":"cjymv6nj903pc0881dr6nd0xb","fieldName":"sizes"}],[{"_typeName":"Size","id":"cjym872up026p0881e1cncm4v"},{"_typeName":"Product","id":"cjymv6nj903pc0881dr6nd0xb","fieldName":"sizes"}],[{"_typeName":"Size","id":"cjym84m7p023x0881kxm0ljyx"},{"_typeName":"Product","id":"cjymvc36903sb088192m4ila1","fieldName":"sizes"}],[{"_typeName":"Size","id":"cjym853ui024h0881nsdqedpp"},{"_typeName":"Product","id":"cjymvc36903sb088192m4ila1","fieldName":"sizes"}],[{"_typeName":"Size","id":"cjym859rw024r0881uvan47ud"},{"_typeName":"Product","id":"cjymvc36903sb088192m4ila1","fieldName":"sizes"}],[{"_typeName":"Size","id":"cjym85t0q025l0881u7v5105e"},{"_typeName":"Product","id":"cjymvc36903sb088192m4ila1","fieldName":"sizes"}],[{"_typeName":"Size","id":"cjym867f602650881e3ai5t0u"},{"_typeName":"Product","id":"cjymvc36903sb088192m4ila1","fieldName":"sizes"}],[{"_typeName":"Size","id":"cjym86odd026f0881c5a0mrtr"},{"_typeName":"Product","id":"cjymvc36903sb088192m4ila1","fieldName":"sizes"}],[{"_typeName":"Size","id":"cjym872up026p0881e1cncm4v"},{"_typeName":"Product","id":"cjymvc36903sb088192m4ila1","fieldName":"sizes"}],[{"_typeName":"Size","id":"cjymtfllj02xf0881tbsnwibi"},{"_typeName":"Product","id":"cjymvph2z03v50881hnxi402i","fieldName":"sizes"}],[{"_typeName":"Size","id":"cjymtfllp02xj0881vfll3ydo"},{"_typeName":"Product","id":"cjymvph2z03v50881hnxi402i","fieldName":"sizes"}],[{"_typeName":"Size","id":"cjymtfllw02xn0881v3ydogdn"},{"_typeName":"Product","id":"cjymvph2z03v50881hnxi402i","fieldName":"sizes"}],[{"_typeName":"Size","id":"cjymtflm502xr0881lfl705cn"},{"_typeName":"Product","id":"cjymvph2z03v50881hnxi402i","fieldName":"sizes"}],[{"_typeName":"Size","id":"cjymtflme02xv0881ex1fq719"},{"_typeName":"Product","id":"cjymvph2z03v50881hnxi402i","fieldName":"sizes"}],[{"_typeName":"Size","id":"cjymtflmm02xz0881pfy0oo8u"},{"_typeName":"Product","id":"cjymvph2z03v50881hnxi402i","fieldName":"sizes"}],[{"_typeName":"Size","id":"cjymtflmt02y30881fxe0hhda"},{"_typeName":"Product","id":"cjymvph2z03v50881hnxi402i","fieldName":"sizes"}],[{"_typeName":"Size","id":"cjymtd63b02vl0881pgnxvtld"},{"_typeName":"Product","id":"cjymvvif803xb0881ne745vvm","fieldName":"sizes"}],[{"_typeName":"Size","id":"cjymtdfcn02vv0881wjni1p6t"},{"_typeName":"Product","id":"cjymvvif803xb0881ne745vvm","fieldName":"sizes"}],[{"_typeName":"Size","id":"cjymtdm2802w50881pr6py6qk"},{"_typeName":"Product","id":"cjymvvif803xb0881ne745vvm","fieldName":"sizes"}],[{"_typeName":"Size","id":"cjymtflku02x30881pk94ts28"},{"_typeName":"Product","id":"cjymvvif803xb0881ne745vvm","fieldName":"sizes"}],[{"_typeName":"Size","id":"cjymtfll402x70881eszkxbg6"},{"_typeName":"Product","id":"cjymvvif803xb0881ne745vvm","fieldName":"sizes"}],[{"_typeName":"Size","id":"cjymtfllc02xb08817a21t9sn"},{"_typeName":"Product","id":"cjymvvif803xb0881ne745vvm","fieldName":"sizes"}],[{"_typeName":"Size","id":"cjymtfllj02xf0881tbsnwibi"},{"_typeName":"Product","id":"cjymvvif803xb0881ne745vvm","fieldName":"sizes"}],[{"_typeName":"Size","id":"cjymtd63b02vl0881pgnxvtld"},{"_typeName":"Product","id":"cjymvzci903ze0881p6pp8d1s","fieldName":"sizes"}],[{"_typeName":"Size","id":"cjymtdfcn02vv0881wjni1p6t"},{"_typeName":"Product","id":"cjymvzci903ze0881p6pp8d1s","fieldName":"sizes"}],[{"_typeName":"Size","id":"cjymtdm2802w50881pr6py6qk"},{"_typeName":"Product","id":"cjymvzci903ze0881p6pp8d1s","fieldName":"sizes"}],[{"_typeName":"Size","id":"cjymtflku02x30881pk94ts28"},{"_typeName":"Product","id":"cjymvzci903ze0881p6pp8d1s","fieldName":"sizes"}],[{"_typeName":"Size","id":"cjymtfll402x70881eszkxbg6"},{"_typeName":"Product","id":"cjymvzci903ze0881p6pp8d1s","fieldName":"sizes"}],[{"_typeName":"Size","id":"cjymtfllc02xb08817a21t9sn"},{"_typeName":"Product","id":"cjymvzci903ze0881p6pp8d1s","fieldName":"sizes"}],[{"_typeName":"Size","id":"cjymtfllj02xf0881tbsnwibi"},{"_typeName":"Product","id":"cjymvzci903ze0881p6pp8d1s","fieldName":"sizes"}],[{"_typeName":"Size","id":"cjymtd63b02vl0881pgnxvtld"},{"_typeName":"Product","id":"cjymw3chh041d0881nrc5f17t","fieldName":"sizes"}],[{"_typeName":"Size","id":"cjymtdfcn02vv0881wjni1p6t"},{"_typeName":"Product","id":"cjymw3chh041d0881nrc5f17t","fieldName":"sizes"}],[{"_typeName":"Size","id":"cjymtdm2802w50881pr6py6qk"},{"_typeName":"Product","id":"cjymw3chh041d0881nrc5f17t","fieldName":"sizes"}],[{"_typeName":"Size","id":"cjymtflku02x30881pk94ts28"},{"_typeName":"Product","id":"cjymw3chh041d0881nrc5f17t","fieldName":"sizes"}],[{"_typeName":"Size","id":"cjymtfll402x70881eszkxbg6"},{"_typeName":"Product","id":"cjymw3chh041d0881nrc5f17t","fieldName":"sizes"}],[{"_typeName":"Size","id":"cjymtfllc02xb08817a21t9sn"},{"_typeName":"Product","id":"cjymw3chh041d0881nrc5f17t","fieldName":"sizes"}],[{"_typeName":"Size","id":"cjymtfllj02xf0881tbsnwibi"},{"_typeName":"Product","id":"cjymw3chh041d0881nrc5f17t","fieldName":"sizes"}],[{"_typeName":"Size","id":"cjymtd63b02vl0881pgnxvtld"},{"_typeName":"Product","id":"cjymwcz7p043u0881sxffhjc9","fieldName":"sizes"}],[{"_typeName":"Size","id":"cjymtdfcn02vv0881wjni1p6t"},{"_typeName":"Product","id":"cjymwcz7p043u0881sxffhjc9","fieldName":"sizes"}],[{"_typeName":"Size","id":"cjymtdm2802w50881pr6py6qk"},{"_typeName":"Product","id":"cjymwcz7p043u0881sxffhjc9","fieldName":"sizes"}],[{"_typeName":"Size","id":"cjymtflku02x30881pk94ts28"},{"_typeName":"Product","id":"cjymwcz7p043u0881sxffhjc9","fieldName":"sizes"}],[{"_typeName":"Size","id":"cjymtfll402x70881eszkxbg6"},{"_typeName":"Product","id":"cjymwcz7p043u0881sxffhjc9","fieldName":"sizes"}],[{"_typeName":"Size","id":"cjymtfllc02xb08817a21t9sn"},{"_typeName":"Product","id":"cjymwcz7p043u0881sxffhjc9","fieldName":"sizes"}],[{"_typeName":"Size","id":"cjymtfllj02xf0881tbsnwibi"},{"_typeName":"Product","id":"cjymwcz7p043u0881sxffhjc9","fieldName":"sizes"}],[{"_typeName":"Size","id":"cjymtd63b02vl0881pgnxvtld"},{"_typeName":"Product","id":"cjymwh7np04640881jlrdfguf","fieldName":"sizes"}],[{"_typeName":"Size","id":"cjymtdfcn02vv0881wjni1p6t"},{"_typeName":"Product","id":"cjymwh7np04640881jlrdfguf","fieldName":"sizes"}],[{"_typeName":"Size","id":"cjymtdm2802w50881pr6py6qk"},{"_typeName":"Product","id":"cjymwh7np04640881jlrdfguf","fieldName":"sizes"}],[{"_typeName":"Size","id":"cjymtflku02x30881pk94ts28"},{"_typeName":"Product","id":"cjymwh7np04640881jlrdfguf","fieldName":"sizes"}],[{"_typeName":"Size","id":"cjymtfll402x70881eszkxbg6"},{"_typeName":"Product","id":"cjymwh7np04640881jlrdfguf","fieldName":"sizes"}],[{"_typeName":"Size","id":"cjymtfllc02xb08817a21t9sn"},{"_typeName":"Product","id":"cjymwh7np04640881jlrdfguf","fieldName":"sizes"}],[{"_typeName":"Size","id":"cjymtfllj02xf0881tbsnwibi"},{"_typeName":"Product","id":"cjymwh7np04640881jlrdfguf","fieldName":"sizes"}],[{"_typeName":"Size","id":"cjymtfllj02xf0881tbsnwibi"},{"_typeName":"Product","id":"cjymwkv1s0485088166fxdazn","fieldName":"sizes"}],[{"_typeName":"Size","id":"cjymtfllp02xj0881vfll3ydo"},{"_typeName":"Product","id":"cjymwkv1s0485088166fxdazn","fieldName":"sizes"}],[{"_typeName":"Size","id":"cjymtfllw02xn0881v3ydogdn"},{"_typeName":"Product","id":"cjymwkv1s0485088166fxdazn","fieldName":"sizes"}],[{"_typeName":"Size","id":"cjymtflm502xr0881lfl705cn"},{"_typeName":"Product","id":"cjymwkv1s0485088166fxdazn","fieldName":"sizes"}],[{"_typeName":"Size","id":"cjymtflme02xv0881ex1fq719"},{"_typeName":"Product","id":"cjymwkv1s0485088166fxdazn","fieldName":"sizes"}],[{"_typeName":"Size","id":"cjymtflmm02xz0881pfy0oo8u"},{"_typeName":"Product","id":"cjymwkv1s0485088166fxdazn","fieldName":"sizes"}],[{"_typeName":"Size","id":"cjymtflmt02y30881fxe0hhda"},{"_typeName":"Product","id":"cjymwkv1s0485088166fxdazn","fieldName":"sizes"}],[{"_typeName":"User","id":"cjyils5rv01nu0881id1vfkpf","fieldName":"orders"},{"_typeName":"Order","id":"cjyr6dli104wm0881cjeo2o4f","fieldName":"owner"}],[{"_typeName":"User","id":"cjyils5rv01nu0881id1vfkpf","fieldName":"orders"},{"_typeName":"Order","id":"cjyr9guib04xw0881rux25iiq","fieldName":"owner"}],[{"_typeName":"User","id":"cjyils5rv01nu0881id1vfkpf","fieldName":"cart"},{"_typeName":"Cart","id":"cjyils5zp01nv0881hzgc652x","fieldName":"owner"}],[{"_typeName":"User","id":"cjym4nhcf01wg0881ytst1918","fieldName":"cart"},{"_typeName":"Cart","id":"cjym4nhcr01wh0881ovdt486t","fieldName":"owner"}],[{"_typeName":"Product","id":"cjymud7b803c00881a8gm71tw","fieldName":"brand"},{"_typeName":"Brand","id":"cjym8fthk02770881mhmi5xil"}],[{"_typeName":"Product","id":"cjymwh7np04640881jlrdfguf","fieldName":"brand"},{"_typeName":"Brand","id":"cjym8fthk02770881mhmi5xil"}],[{"_typeName":"Product","id":"cjymwkv1s0485088166fxdazn","fieldName":"brand"},{"_typeName":"Brand","id":"cjym8fthk02770881mhmi5xil"}],[{"_typeName":"Product","id":"cjymulqux03gl0881v0f6w4oj","fieldName":"brand"},{"_typeName":"Brand","id":"cjym8iii6027u088151ar3x4v"}],[{"_typeName":"Product","id":"cjymvvif803xb0881ne745vvm","fieldName":"brand"},{"_typeName":"Brand","id":"cjym8iii6027u088151ar3x4v"}],[{"_typeName":"Product","id":"cjymwcz7p043u0881sxffhjc9","fieldName":"brand"},{"_typeName":"Brand","id":"cjym8iii6027u088151ar3x4v"}],[{"_typeName":"Product","id":"cjymu227o038308814d0zjsuy","fieldName":"brand"},{"_typeName":"Brand","id":"cjym8kwfo028k08815o8xy0z6"}],[{"_typeName":"Product","id":"cjymui8p803ed0881ewypq7ra","fieldName":"brand"},{"_typeName":"Brand","id":"cjym8kwfo028k08815o8xy0z6"}],[{"_typeName":"Product","id":"cjymvzci903ze0881p6pp8d1s","fieldName":"brand"},{"_typeName":"Brand","id":"cjym8kwfo028k08815o8xy0z6"}],[{"_typeName":"Product","id":"cjymuqwk503iw0881l04fluj8","fieldName":"brand"},{"_typeName":"Brand","id":"cjym8lruy028z0881vbekz1or"}],[{"_typeName":"Product","id":"cjymuvnu203l10881rqduhjmb","fieldName":"brand"},{"_typeName":"Brand","id":"cjym8ok4x029k088175fw1uc4"}],[{"_typeName":"Product","id":"cjymvc36903sb088192m4ila1","fieldName":"brand"},{"_typeName":"Brand","id":"cjym8pbko02a10881mwsypvqr"}],[{"_typeName":"Product","id":"cjymv6nj903pc0881dr6nd0xb","fieldName":"brand"},{"_typeName":"Brand","id":"cjym8qi2c02ai0881g84aif9l"}],[{"_typeName":"Product","id":"cjymvph2z03v50881hnxi402i","fieldName":"brand"},{"_typeName":"Brand","id":"cjym8tg9402az08810mhelnj9"}],[{"_typeName":"Product","id":"cjymtqsv5033d0881brygch5s","fieldName":"brand"},{"_typeName":"Brand","id":"cjym8vv0y02bi0881af1xpcyl"}],[{"_typeName":"Product","id":"cjymw3chh041d0881nrc5f17t","fieldName":"brand"},{"_typeName":"Brand","id":"cjym8vv0y02bi0881af1xpcyl"}]]}